{
  "initialFippleFactor" : 0.75,
  "finalFippleFactor" : 0.2744461496645853,
  "initialNorm" : 90010.41593410687,
  "finalNorm" : 8.940864613648533E-4
}