{
  "initialNorm" : 15900.000398470573,
  "finalNorm" : 894.8847578698733,
  "evaluations" : 13636,
  "initialGeometry" : [ 0.2675, 0.022500000000000006, 0.01899999999999999, 0.027999999999999997, 0.016500000000000015, 0.024499999999999994, 0.04000000000000001, 0.00555, 0.005900000000000001, 0.00592, 0.00597, 0.00795, 0.00757, 1.0 ],
  "finalGeometry" : [ 0.2603205323441799, 0.022019957738958984, 0.016713845445064185, 0.024476671077567347, 0.012742761937776431, 0.026145128922311495, 0.03872360779894943, 0.004429404124751054, 0.005482895624801788, 0.004708895086205582, 0.004, 0.004, 0.004, 0.5 ],
  "optimizer" : "HoleAndBoreDiameterFromBottomObjectiveFunction",
  "solverType" : "BOBYQA",
  "nrDimensions" : 14
}