{
  "initialNorm" : 1324815.0036351618,
  "finalNorm" : 208.358530441539,
  "evaluations" : 35469,
  "initialGeometry" : [ 0.3248902169679828, 0.26393387003800606, 0.02084975171698325, 0.020849751716983278, 0.04085938293871649, 0.02865934261586897, 0.028659342615868943, 0.0057100938065062215, 0.006327228446346466, 0.006056222214560144, 0.007836036154750887, 0.007616195298537355, 0.007846589456097008, 1.0000000000000036, 0.0, 1.0 ],
  "finalGeometry" : [ 0.37658815374602567, 0.25, 0.03174999999999999, 0.0277738734997659, 0.034718049317646604, 0.03175, 0.03175, 0.005753734237890987, 0.006572178543031116, 0.006360865786699626, 0.0065376873277153144, 0.006676894855682869, 0.006589137945265113, 1.1162034431805739, 0.33566400199747143, 0.9426187585015393 ]
}