{
  "initialNorm" : 153335.32853185936,
  "finalNorm" : 82687.9593495994,
  "evaluations" : 230,
  "initialGeometry" : [ 0.2675, 0.022500000000000006, 0.01899999999999999, 0.027999999999999997, 0.016500000000000015, 0.024499999999999994, 0.04000000000000001, 0.00555, 0.005900000000000001, 0.00592, 0.00597, 0.00795, 0.00757, 0.025 ],
  "finalGeometry" : [ 0.49662752444119246, 0.0216686066270166, 0.0184969542690909, 0.028423024729452878, 0.01563048257348551, 0.023599762895219645, 0.2662628868728143, 0.0055905413825242676, 0.005601219509626216, 0.005843224990677678, 0.005997993087094886, 0.007412566509878222, 0.006398410486563119, 0.27408743106476813 ],
  "optimizer" : "HoleAndBoreSpacingFromTopObjectiveFunction",
  "solverType" : "BOBYQA",
  "nrDimensions" : 14
}