{
  "initialNorm" : 6828.869779215167,
  "finalNorm" : 3430.240925119368,
  "evaluations" : 519,
  "initialGeometry" : [ 0.4205, 0.022999999999999993, 0.02400000000000002, 0.032999999999999974, 0.02150000000000002, 0.024999999999999967, 0.06, 0.006200000000000001, 0.007, 0.007, 0.006200000000000001, 0.0081, 0.0064, 1.0, 1.0 ],
  "finalGeometry" : [ 0.4199692439669199, 0.03147050903319806, 0.02511832815471604, 0.02821158313597627, 0.020725413051801478, 0.02515194101139162, 0.05551759822117691, 0.006111294109700314, 0.009999999996332996, 0.008938525928904578, 0.0068973095516337134, 0.0105, 0.006435557513046259, 0.9875700339409065, 0.9832750435982948 ],
  "optimizer" : "HoleAndBasicTaperObjectiveFunction",
  "solverType" : "BOBYQA",
  "nrDimensions" : 15
}