{
  "initialNorm" : 1244615.3018577166,
  "finalNorm" : 963.9340165496156,
  "evaluations" : 1409,
  "initialGeometry" : [ 0.3248902169679828, 0.26393387003800606, 0.02084975171698325, 0.020849751716983278, 0.04085938293871649, 0.02865934261586897, 0.028659342615868943, 0.0057100938065062215, 0.006327228446346466, 0.006056222214560144, 0.007836036154750887, 0.007616195298537355, 0.007846589456097008 ],
  "finalGeometry" : [ 0.39575287131735376, 0.25, 0.027926919771172162, 0.03175, 0.04708139344665635, 0.03175, 0.03175, 0.005135198659710525, 0.0054096216393787885, 0.005231725998132534, 0.006098947196250168, 0.006168541552889942, 0.006144692634613424 ]
}