{
  "initialNorm" : 1324815.0036351634,
  "finalNorm" : 1001.8543896629747,
  "evaluations" : 1767,
  "initialGeometry" : [ 0.3248902169679828, 0.26393387003800606, 0.020849751716983264, 0.04085938293871649, 0.028659342615868957, 0.0057100938065062215, 0.006327228446346466, 0.006056222214560144, 0.007836036154750887, 0.007616195298537355, 0.007846589456097008 ],
  "finalGeometry" : [ 0.39518501192871386, 0.25, 0.029602107664897924, 0.047728746168149094, 0.03174999999999999, 0.005078961832289208, 0.00547512624178228, 0.005204487881536722, 0.006088884695009846, 0.0061563121145014185, 0.006144268700964851 ]
}