{
  "initialNorm" : 6828.869779215168,
  "finalNorm" : 1039.3925619304334,
  "evaluations" : 5290,
  "initialGeometry" : [ 0.4205, 0.022999999999999993, 0.02400000000000002, 0.032999999999999974, 0.02150000000000002, 0.024999999999999967, 0.06, 0.006200000000000001, 0.007, 0.007, 0.006200000000000001, 0.0081, 0.0064, 0.005200000000000009, 1.0 ],
  "finalGeometry" : [ 0.4140496401231976, 0.028036636378249602, 0.026757940605486308, 0.025353297924103457, 0.02145089157958957, 0.03484605546766256, 0.04810932096212861, 0.0073855129173153265, 0.01, 0.01, 0.006611255487493771, 0.0105, 0.01, -8.673617379884035E-19, 1.1944943230953033 ],
  "optimizer" : "HoleAndHeadjointObjectiveFunction",
  "solverType" : "BOBYQA",
  "nrDimensions" : 15
}