{
  "initialNorm" : 6828.869779215168,
  "finalNorm" : 2656.0493999972773,
  "evaluations" : 15662,
  "initialGeometry" : [ 0.4205, 0.022999999999999993, 0.02400000000000002, 0.032999999999999974, 0.02150000000000002, 0.024999999999999967, 0.06, 0.006200000000000001, 0.007, 0.007, 0.006200000000000001, 0.0081, 0.0064, 1.0 ],
  "finalGeometry" : [ 0.4185560327336117, 0.03202044338140908, 0.0264171412551647, 0.030542174588170823, 0.017198683618624866, 0.03626378265700203, 0.04285162348577093, 0.004340429296212075, 0.006742404915380371, 0.0061732483040389495, 0.005515882617325062, 0.006560387316571863, 0.0068922976036482975, 0.5 ],
  "optimizer" : "HoleAndBoreDiameterFromBottomObjectiveFunction",
  "solverType" : "BOBYQA",
  "nrDimensions" : 14
}