{
  "initialFippleFactor" : 0.75,
  "finalFippleFactor" : 0.26617358020430504,
  "initialNorm" : 97743.0548874793,
  "finalNorm" : 1.1051632673390108E-4
}