{
  "initialNorm" : 15900.000398470755,
  "finalNorm" : 246.58019049908754,
  "evaluations" : 28617,
  "initialGeometry" : [ 0.2675, 0.022500000000000006, 0.01899999999999999, 0.027999999999999997, 0.016500000000000015, 0.024499999999999994, 0.04000000000000001, 0.00555, 0.005900000000000001, 0.00592, 0.00597, 0.00795, 0.00757, 0.09160864785635764, 1.0 ],
  "finalGeometry" : [ 0.260209597471266, 0.018998073266994306, 0.016541287802355892, 0.026269648676436747, 0.01200000000000001, 0.02517915381417707, 0.04321895006734827, 0.004790144933735915, 0.004767523275863601, 0.004360152333257278, 0.004, 0.004124928083821709, 0.004094216035310187, 0.1320866389710637, 0.6638780148677083 ],
  "optimizer" : "HoleAndBasicTaperObjectiveFunction",
  "solverType" : "BOBYQA",
  "nrDimensions" : 15
}