{
  "initialNorm" : 1324815.0036351632,
  "finalNorm" : 975.1391419747237,
  "evaluations" : 2018,
  "initialGeometry" : [ 0.3248902169679828, 0.26393387003800606, 0.02084975171698325, 0.020849751716983278, 0.04085938293871649, 0.02865934261586897, 0.028659342615868943, 0.0057100938065062215, 0.006327228446346466, 0.006056222214560144, 0.007836036154750887, 0.007616195298537355, 0.007846589456097008 ],
  "finalGeometry" : [ 0.3956490026450572, 0.25, 0.02797592451081435, 0.03175, 0.04694691681877369, 0.03175, 0.03175, 0.005101709351600449, 0.005411456606325593, 0.005222196148323513, 0.006089570003706119, 0.006160154293949429, 0.006139368008863565 ]
}