{
  "initialNorm" : 15900.000398470573,
  "finalNorm" : 5660.8274741111045,
  "evaluations" : 135,
  "initialGeometry" : [ 0.00555, 0.005900000000000001, 0.00592, 0.00597, 0.00795, 0.00757 ],
  "finalGeometry" : [ 0.005522200604999817, 0.006259520133731506, 0.007630857970478636, 0.007554481500559543, 0.0091, 0.0091 ],
  "optimizer" : "HoleSizeObjectiveFunction"
}