{
  "initialNorm" : 15900.000398470573,
  "finalNorm" : 4603.929777899983,
  "evaluations" : 689,
  "initialGeometry" : [ 0.2675, 0.022500000000000006, 0.01899999999999999, 0.027999999999999997, 0.016500000000000015, 0.024499999999999994, 0.04000000000000001 ],
  "finalGeometry" : [ 0.26393736025615916, 0.018557430345868653, 0.01705921128215898, 0.027071180171893416, 0.017521905867778936, 0.024649065391970898, 0.039378080530888704 ],
  "optimizer" : "HolePositionObjectiveFunction"
}