{
  "initialNorm" : 15900.000398470573,
  "finalNorm" : 1899.2452798663908,
  "evaluations" : 1208,
  "initialGeometry" : [ 0.2675, 0.022500000000000006, 0.01899999999999999, 0.027999999999999997, 0.016500000000000015, 0.024499999999999994, 0.04000000000000001, 0.00555, 0.005900000000000001, 0.00592, 0.00597, 0.00795, 0.00757 ],
  "finalGeometry" : [ 0.26547638790777367, 0.02087206413941259, 0.019317560653812876, 0.024450019396553918, 0.014279208676208022, 0.025304161685843263, 0.03660423687313752, 0.006779765488246533, 0.0091, 0.0091, 0.0091, 0.0091, 0.0091 ],
  "optimizer" : "HoleObjectiveFunction"
}