{
  "initialNorm" : 395286.91670935025,
  "finalNorm" : 387621.35956450406,
  "evaluations" : 295,
  "initialGeometry" : [ 0.4205, 0.022999999999999993, 0.02400000000000002, 0.032999999999999974, 0.02150000000000002, 0.024999999999999967, 0.06, 0.006200000000000001, 0.007, 0.007, 0.006200000000000001, 0.0081, 0.0064, 0.347 ],
  "finalGeometry" : [ 0.5740770662249388, 0.02142613099608376, 0.023818793658204995, 0.03382269270678229, 0.016705633786400276, 0.024577831970408304, 0.2151722888381286, 0.00781541894977878, 0.007103260882329327, 0.007100115430518644, 0.006074819752649693, 0.007284980964903531, 0.006707037085731032, 0.5005770662249388 ],
  "optimizer" : "HoleAndBoreSpacingFromTopObjectiveFunction",
  "solverType" : "BOBYQA",
  "nrDimensions" : 14
}