{
  "initialNorm" : 3158143.0424675797,
  "finalNorm" : 1526635.9605022122,
  "evaluations" : 213,
  "initialGeometry" : [ 0.32230000000000003, 0.024999999999999994, 0.013900000000000023, 0.022999999999999993, 0.029799999999999965, 0.02240000000000003, 0.032, 0.031199999999999978, 0.053100000000000036, 0.004, 0.004, 0.004, 0.004, 0.0032, 0.0048, 0.004, 0.0032, 1.0 ],
  "finalGeometry" : [ 0.31339169272714074, 0.003192525154833835, 0.02862341758542676, 0.03046187361244025, 0.033273617831412916, 0.03128789617919886, 0.03192413714763148, 0.031971842878665, 0.07121498427163814, 0.0039720232553604705, 0.003866252661643368, 0.0034527454919164808, 0.0032, 0.004, 0.0039881813471707005, 0.004, 0.0038160541105495857, 1.002459322338585 ],
  "optimizer" : "HoleAndBoreFromBottomObjectiveFunction",
  "solverType" : "BOBYQA",
  "nrDimensions" : 18
}