{
  "initialNorm" : 3158143.0424675797,
  "finalNorm" : 1526631.1571972384,
  "evaluations" : 319,
  "initialGeometry" : [ 0.32230000000000003, 0.024999999999999994, 0.013900000000000023, 0.022999999999999993, 0.029799999999999965, 0.02240000000000003, 0.032, 0.031199999999999978, 0.053100000000000036, 0.004, 0.004, 0.004, 0.004, 0.0032, 0.0048, 0.004, 0.0032, 1.0 ],
  "finalGeometry" : [ 0.3133916822941788, 0.003192450269106216, 0.028623656845002836, 0.0304621326460303, 0.03327341054035311, 0.031287628556536745, 0.03192363196351064, 0.031972047860791275, 0.07121468712742587, 0.003971914534313966, 0.0038665471349700136, 0.0034529939895388854, 0.0032000122989866834, 0.004, 0.003988352625163561, 0.003999893231846047, 0.0038160460738819284, 1.002459545553651 ],
  "optimizer" : "HoleAndBoreDiameterFromBottomObjectiveFunction",
  "solverType" : "BOBYQA",
  "nrDimensions" : 18
}