{
  "initialNorm" : 3158143.0424675797,
  "finalNorm" : 1485337.203454903,
  "evaluations" : 343,
  "initialGeometry" : [ 0.32230000000000003, 0.024999999999999994, 0.013900000000000023, 0.022999999999999993, 0.029799999999999965, 0.02240000000000003, 0.032, 0.031199999999999978, 0.053100000000000036, 0.004, 0.004, 0.004, 0.004, 0.0032, 0.0048, 0.004, 0.0032 ],
  "finalGeometry" : [ 0.30247045298403147, 0.014325504124642938, 0.02904080356757325, 0.021681587532842564, 0.029794240886628687, 0.029481305161347754, 0.032, 0.032, 0.07091314630042764, 0.004, 0.004, 0.0032, 0.0032, 0.004, 0.004, 0.003925081155702538, 0.004 ],
  "optimizer" : "HoleAndBorePositionObjectiveFunction",
  "solverType" : "BOBYQA",
  "nrDimensions" : 17
}