{
  "initialNorm" : 3158143.0424675797,
  "finalNorm" : 1482599.468163399,
  "evaluations" : 539,
  "initialGeometry" : [ 0.32230000000000003, 0.024999999999999994, 0.013900000000000023, 0.022999999999999993, 0.029799999999999965, 0.02240000000000003, 0.032, 0.031199999999999978, 0.053100000000000036, 0.004, 0.004, 0.004, 0.004, 0.0032, 0.0048, 0.004, 0.0032 ],
  "finalGeometry" : [ 0.3026004184706228, 0.014227096654196969, 0.028676388228568037, 0.0223261640382679, 0.031097101661179752, 0.027822124506313245, 0.031999999967569526, 0.031999476599072346, 0.07087088407198067, 0.004, 0.004, 0.0032, 0.0032, 0.003999999971985255, 0.004, 0.003999997177652236, 0.003999999991725161 ],
  "optimizer" : "HoleObjectiveFunction",
  "solverType" : "BOBYQA",
  "nrDimensions" : 17
}