{
  "initialNorm" : 15900.000398470573,
  "finalNorm" : 1899.2452798664265,
  "evaluations" : 9074,
  "initialGeometry" : [ 0.2675, 0.022500000000000006, 0.01899999999999999, 0.027999999999999997, 0.016500000000000015, 0.024499999999999994, 0.04000000000000001, 0.00555, 0.005900000000000001, 0.00592, 0.00597, 0.00795, 0.00757 ],
  "finalGeometry" : [ 0.26547638864249384, 0.02087206528739094, 0.019317559030586184, 0.02445002080497674, 0.014279208792149611, 0.025304160970304523, 0.03660423800476237, 0.0067797653644332675, 0.0091, 0.0091, 0.0091, 0.0091, 0.0091 ],
  "optimizer" : "GlobalHoleObjectiveFunction",
  "strategy" : "DIRECT-C → BOBYQA"
}