{
  "initialNorm" : 15900.000398470573,
  "finalNorm" : 20832.671109684707,
  "evaluations" : 7815,
  "initialGeometry" : [ 0.2675, 0.022500000000000006, 0.01899999999999999, 0.027999999999999997, 0.016500000000000015, 0.024499999999999994, 0.04000000000000001 ],
  "finalGeometry" : [ 0.5661448370897276, 0.03768931818836202, 0.028432080313998243, 0.05186580689095405, 0.03803998321777713, 0.03999999999999998, 0.09611994950140668 ],
  "optimizer" : "GlobalHolePositionObjectiveFunction",
  "strategy" : "DIRECT-C → BOBYQA"
}