{
  "initialNorm" : 15900.000398470573,
  "finalNorm" : 397.1206814788702,
  "evaluations" : 2701,
  "initialGeometry" : [ 0.2675, 0.022500000000000006, 0.01899999999999999, 0.027999999999999997, 0.016500000000000015, 0.024499999999999994, 0.04000000000000001, 0.00555, 0.005900000000000001, 0.00592, 0.00597, 0.00795, 0.00757, 0.8403361344537815 ],
  "finalGeometry" : [ 0.2627264003890133, 0.020782645906327835, 0.016591183041313073, 0.02766125771034675, 0.012000914272783963, 0.018714473081044014, 0.04644211351559066, 0.005951616595328627, 0.006927695220680686, 0.006418552469705544, 0.0071975630233978415, 0.007023956287699807, 0.005330217447617022, 0.7136276070954185 ],
  "optimizer" : "HoleAndBoreDiameterFromTopObjectiveFunction",
  "solverType" : "BOBYQA",
  "nrDimensions" : 14
}