{
  "initialNorm" : 2649.612447927295,
  "finalNorm" : 1594.0436923451473,
  "evaluations" : 185,
  "initialGeometry" : [ 0.5145, 0.036000000000000004, 0.03649999999999998, 0.056499999999999995, 0.026000000000000023, 0.03700000000000003, 0.09899999999999992 ],
  "finalGeometry" : [ 0.511727347547463, 0.035, 0.03500000000000003, 0.05847541374203319, 0.02595152718215815, 0.03749999999999998, 0.09723704896239271 ],
  "optimizer" : "HolePositionObjectiveFunction"
}