{
  "initialNorm" : 2649.612447927295,
  "finalNorm" : 1202.126658120694,
  "evaluations" : 594,
  "initialGeometry" : [ 0.5145, 0.036000000000000004, 0.03649999999999998, 0.056499999999999995, 0.026000000000000023, 0.03700000000000003, 0.09899999999999992, 0.009000000000000001, 0.0095, 0.008400000000000001, 0.0095, 0.010199999999999999, 0.0079 ],
  "finalGeometry" : [ 0.5112486095299829, 0.035, 0.03500000000000003, 0.05864448098391989, 0.024441944427099627, 0.03749999999999998, 0.09683597047873349, 0.009270224877383347, 0.00994309812843282, 0.00837588055449775, 0.01, 0.0105, 0.007707776337264089 ],
  "optimizer" : "HoleObjectiveFunction"
}