{
  "initialNorm" : 2649.612447927295,
  "finalNorm" : 1081.8439058068495,
  "evaluations" : 116,
  "initialGeometry" : [ 0.009000000000000001, 0.0095, 0.008400000000000001, 0.0095, 0.010199999999999999, 0.0079 ],
  "finalGeometry" : [ 0.009241652523452513, 0.009982502355314504, 0.008798260472508788, 0.01, 0.011, 0.007920551822875916 ],
  "optimizer" : "HoleSizeObjectiveFunction"
}