{
  "initialNorm" : 15900.000398470573,
  "finalNorm" : 564.2799602348744,
  "evaluations" : 835,
  "initialGeometry" : [ 0.2675, 0.022500000000000006, 0.01899999999999999, 0.027999999999999997, 0.016500000000000015, 0.024499999999999994, 0.04000000000000001, 0.00555, 0.005900000000000001, 0.00592, 0.00597, 0.00795, 0.00757, 0.0054, 0.8403361344537815 ],
  "finalGeometry" : [ 0.26440298224664854, 0.02017515876277408, 0.018638255420300454, 0.024020701089796426, 0.013236131531680184, 0.024159511605640116, 0.04161242532391518, 0.006138875006791294, 0.007085600309097146, 0.0072880452406280105, 0.006385338122501796, 0.00693808348234441, 0.006742694076223001, 0.0, 0.8388466687445434 ],
  "optimizer" : "HoleAndHeadjointObjectiveFunction",
  "solverType" : "BOBYQA",
  "nrDimensions" : 15
}